﻿Attendance for: Ágiles on 2020-09-24

Names	2020-09-24 11:30	Arrival time
dahir ruben valenzuela valenzuela	✔	11:31 (5min) [11:36]
miguel angel mancillas castañeda	✔	11:30 (88min) [12:57]
jesus daniel aldeco valenzuela	✔	11:41 (48min) [12:57]
julio contreras	✔	11:36 (65min) [12:57]
jose eduardo montoya solis	✔	11:30 (10min) [11:39]	11:46 (42min) [12:28]	12:29 (0min) [12:29]	12:29 (6min) [12:35]	12:35 (15min) [12:57]
luis enrique mendoza higuera	✔	11:32 (41min) [12:56]
ana sofia salgado montoya	✔	11:33 (78min) [12:57]
pablo beltran daniel	✔	11:37 (57min) [12:57]
javier armando méndez pérez	✔	11:36 (41min) [12:57]
miguel angel zamorano beltran	✔	11:33 (56min) [12:29]
roberto jose escalante valdez	✔	11:31 (39min) [12:29]
jose francisco felix romero	✔	11:35 (79min) [12:57]
guillermo eduardo ochoa parra
alejandro galindo covarrubias	✔	11:39 (0min) [11:39]
jose roberto rey baldenegro	✔	11:52 (43min) [12:42]
alexis issac sagasta ontiveros	✔	11:41 (0min) [11:41]
guillermo ochoa	✔	11:36 (51min) [12:57]