﻿Attendance for: Ágiles on 2020-08-25

Names	2020-08-25 11:26	Arrival time
jesus daniel aldeco valenzuela	?	11:26 (8min) [11:33]
julio contreras	?	11:26 (8min) [11:33]
jose eduardo montoya solis	?	11:26 (8min) [11:33]
miguel angel zamorano beltran	?	11:27 (4min) [11:30]
ana sofia salgado montoya	?	11:27 (6min) [11:33]
jose roberto rey baldenegro	?	11:28 (6min) [11:33]
miguel angel mancillas castañeda	?	11:29 (5min) [11:33]
pablo beltran daniel	?	11:29 (5min) [11:33]
alejandro galindo covarrubias	?	11:30 (4min) [11:33]
jose francisco felix romero	?	11:30 (0min) [11:30]
roberto jose escalante valdez	?	11:31 (1min) [11:31]
luis enrique mendoza higuera	?	11:32 (0min) [11:32]
alexis issac sagasta ontiveros	?	11:32 (2min) [11:33]
guillermo eduardo ochoa parra	?	11:32 (0min) [11:32]
javier armando méndez pérez	?	11:33 (0min) [11:33]
DAHIR RUBEN VALENZUELA VALENZUELA	?	11:33 (0min) [11:33]