﻿Attendance for: Ágiles on 2020-09-03

Names	2020-09-03 11:28	Arrival time
dahir ruben valenzuela valenzuela	?	11:30 (64min) [12:56]
miguel angel mancillas castañeda	?	11:30 (87min) [12:56]
jesus daniel aldeco valenzuela	?	11:30 (43min) [12:12]
julio contreras	?	11:30 (84min) [12:56]
jose eduardo montoya solis	?	11:30 (69min) [12:56]
luis enrique mendoza higuera	?	11:30 (49min) [12:23]
ana sofia salgado montoya	?	11:31 (66min) [12:56]
pablo beltran daniel	?	11:31 (32min) [12:56]
javier armando méndez pérez	?	11:31 (60min) [12:56]
miguel angel zamorano beltran	?	11:31 (58min) [12:35]	12:36 (0min) [12:36]
roberto jose escalante valdez	?	11:32 (0min) [11:32]
jose francisco felix romero	?	11:32 (4min) [11:35]
guillermo eduardo ochoa parra	?	11:33 (28min) [12:24]
alejandro galindo covarrubias	?	11:36 (0min) [11:36]	11:55 (2min) [11:56]	12:43 (0min) [12:43]
jose roberto rey baldenegro	?	11:36 (36min) [12:56]
ALEXIS ISSAC SAGASTA ONTIVEROS	?	11:43 (29min) [12:56]