﻿Attendance for: Ágiles on 2020-09-10

Names	2020-09-10 11:48	Arrival time
dahir ruben valenzuela valenzuela	✔	11:48 (64min) [12:51]
miguel angel mancillas castañeda	✔	11:48 (67min) [12:54]
jesus daniel aldeco valenzuela	✔	11:48 (63min) [12:51]
julio contreras	✔	11:48 (20min) [12:57]
jose eduardo montoya solis	✔	11:48 (59min) [12:47]
luis enrique mendoza higuera	✔	11:48 (11min) [13:01]
ana sofia salgado montoya	✔	11:48 (64min) [12:51]
pablo beltran daniel	✔	11:48 (53min) [12:52]
javier armando méndez pérez	✔	12:52 (4min) [12:55]
miguel angel zamorano beltran	✔	11:48 (11min) [12:56]
roberto jose escalante valdez	✔	11:48 (65min) [12:57]
jose francisco felix romero
guillermo eduardo ochoa parra	✔	12:52 (7min) [12:59]
alejandro galindo covarrubias	✔	12:02 (16min) [12:17]	12:43 (8min) [12:52]
jose roberto rey baldenegro	✔	11:57 (59min) [12:56]
alexis issac sagasta ontiveros	✔	11:48 (53min) [12:45]