﻿Attendance for: Ágiles on 2020-09-01

Names	2020-09-01 11:28	Arrival time
jose eduardo montoya solis	?	11:28 (88min) [12:58]
ana sofia salgado montoya	?	11:28 (73min) [12:58]
alejandro galindo covarrubias	?	11:28 (25min) [12:14]	12:17 (0min) [12:17]
miguel angel mancillas castañeda	?	11:28 (46min) [12:58]
roberto jose escalante valdez	?	11:30 (18min) [12:03]
luis enrique mendoza higuera	?	11:31 (25min) [11:56]	12:02 (0min) [12:02]
jesus daniel aldeco valenzuela	?	11:31 (49min) [12:58]
dahir ruben valenzuela valenzuela	?	11:31 (5min) [11:36]	12:42 (15min) [12:58]
miguel angel zamorano beltran	?	11:32 (1min) [11:32]
jose roberto rey baldenegro	?	11:32 (40min) [12:42]
javier armando méndez pérez	?	11:33 (15min) [11:49]	11:54 (45min) [12:58]
pablo beltran daniel	?	11:35 (2min) [11:36]	11:37 (25min) [12:58]
guillermo eduardo ochoa parra	?	11:36 (2min) [11:37]
julio contreras	?	11:36 (75min) [12:58]
jose francisco felix romero	?	11:36 (61min) [12:43]
ALEXIS ISSAC SAGASTA ONTIVEROS	?	11:38 (49min) [12:58]