﻿Attendance for: Ágiles on 2020-08-27

Names	2020-08-27 11:27	Arrival time
ana sofia salgado montoya	?	11:27 (11min) [12:18]	12:53 (1min) [12:54]
jose eduardo montoya solis	?	11:27 (12min) [12:54]
jesus daniel aldeco valenzuela	?	11:28 (3min) [12:54]
miguel angel mancillas castañeda	?	11:28 (11min) [12:54]
jose roberto rey baldenegro	?	11:28 (10min) [12:44]
jose francisco felix romero	?	11:29 (8min) [12:44]
javier armando méndez pérez	?	11:29 (6min) [12:44]
miguel angel zamorano beltran	?	11:29 (8min) [12:44]
pablo beltran daniel	?	11:30 (1min) [12:18]
dahir ruben valenzuela valenzuela	?	11:30 (1min) [11:30]
julio contreras	?	11:30 (2min) [11:31]	11:58 (2min) [12:44]
roberto jose escalante valdez	?	11:31 (6min) [11:36]	12:13 (1min) [12:44]
alejandro galindo covarrubias	?	11:32 (5min) [11:36]	12:09 (1min) [12:44]
luis enrique mendoza higuera	?	11:32 (3min) [12:44]
alexis issac sagasta ontiveros	?	11:33 (1min) [12:18]
GUILLERMO EDUARDO OCHOA PARRA	?	11:34 (1min) [11:34]