﻿Attendance for: Ágiles on 2020-09-22

Names	2020-09-22 11:30	Arrival time
dahir ruben valenzuela valenzuela	✔	11:31 (73min) [12:44]
miguel angel mancillas castañeda	✔	11:30 (75min) [12:44]
jesus daniel aldeco valenzuela	✔	11:30 (75min) [12:44]
julio contreras	✔	11:32 (11min) [12:44]
jose eduardo montoya solis	✔	11:30 (48min) [12:18]	12:18 (13min) [12:44]
luis enrique mendoza higuera	✔	11:32 (62min) [12:34]
ana sofia salgado montoya	✔	11:31 (73min) [12:44]
pablo beltran daniel	✔	11:35 (0min) [11:35]
javier armando méndez pérez	✔	11:33 (71min) [12:44]
miguel angel zamorano beltran	✔	11:34 (15min) [12:31]
roberto jose escalante valdez	✔	11:33 (62min) [12:35]
jose francisco felix romero	✔	11:34 (9min) [12:44]
guillermo eduardo ochoa parra
alejandro galindo covarrubias	✔	11:32 (2min) [11:33]
jose roberto rey baldenegro	✔	11:32 (69min) [12:44]
alexis issac sagasta ontiveros	✔	11:33 (0min) [11:33]
guillermo ochoa	?	11:33 (1min) [11:34]