﻿Attendance for: Ágiles on 2020-09-17

Names	2020-09-17 11:30	Arrival time
dahir ruben valenzuela valenzuela	✔	11:38 (40min) [12:53]
miguel angel mancillas castañeda	✔	11:30 (74min) [12:53]
jesus daniel aldeco valenzuela	✔	11:30 (67min) [12:52]
julio contreras	✔	11:32 (81min) [12:53]
jose eduardo montoya solis	✔	11:32 (83min) [12:55]
luis enrique mendoza higuera	✔	11:36 (0min) [11:36]
ana sofia salgado montoya	✔	11:34 (80min) [12:54]
pablo beltran daniel	✔	11:36 (63min) [12:54]
javier armando méndez pérez	✔	11:33 (1min) [11:34]
miguel angel zamorano beltran	✔	11:36 (26min) [12:42]	12:55 (1min) [12:55]
roberto jose escalante valdez	✔	11:30 (27min) [12:54]
jose francisco felix romero	✔	11:34 (40min) [12:16]
guillermo eduardo ochoa parra	✔	11:34 (31min) [12:53]
alejandro galindo covarrubias	✔	11:30 (0min) [11:30]	11:31 (6min) [11:37]	12:52 (0min) [12:52]
jose roberto rey baldenegro	✔	11:36 (78min) [12:55]
alexis issac sagasta ontiveros	✔	11:39 (41min) [12:36]