﻿Attendance for: Ágiles on 2020-09-08

Names	2020-09-08 11:26	Arrival time
dahir ruben valenzuela valenzuela	✔	11:33 (0min) [11:33]
miguel angel mancillas castañeda	✔	11:26 (76min) [12:41]
jesus daniel aldeco valenzuela	✔	11:31 (3min) [11:33]
julio contreras	✔	11:33 (69min) [12:41]
jose eduardo montoya solis	✔	11:33 (64min) [12:41]
luis enrique mendoza higuera	✔	11:30 (70min) [12:40]
ana sofia salgado montoya	✔	11:33 (68min) [12:41]
pablo beltran daniel	✔	11:33 (68min) [12:41]
javier armando méndez pérez	✔	11:27 (59min) [12:41]
miguel angel zamorano beltran	✔	11:30 (3min) [11:33]
roberto jose escalante valdez	✔	11:31 (70min) [12:41]
jose francisco felix romero	✔	11:31 (25min) [12:41]
guillermo eduardo ochoa parra	✔	11:34 (4min) [11:37]
alejandro galindo covarrubias	✔	11:29 (5min) [11:33]
jose roberto rey baldenegro	✔	11:39 (62min) [12:41]
alexis issac sagasta ontiveros	✔	11:33 (0min) [11:33]