﻿Attendance for: Ágiles on 2020-09-15

Names	2020-09-15 11:30	Arrival time
dahir ruben valenzuela valenzuela	✔	11:30 (4min) [11:33]
miguel angel mancillas castañeda	✔	11:30 (84min) [12:53]
jesus daniel aldeco valenzuela	✔	11:33 (31min) [12:04]
julio contreras	✔	11:30 (85min) [12:54]
jose eduardo montoya solis	✔	11:30 (67min) [12:54]
luis enrique mendoza higuera	✔	11:30 (4min) [11:33]
ana sofia salgado montoya	✔	11:30 (85min) [12:54]
pablo beltran daniel	✔	11:35 (77min) [12:54]
javier armando méndez pérez	✔	11:30 (85min) [12:54]
miguel angel zamorano beltran	✔	11:34 (19min) [12:51]
roberto jose escalante valdez	✔	11:30 (63min) [12:33]
jose francisco felix romero	✔	11:30 (85min) [12:54]
guillermo eduardo ochoa parra	✔	11:34 (1min) [11:35]
alejandro galindo covarrubias	✔	11:30 (22min) [12:54]
jose roberto rey baldenegro	✔	11:32 (50min) [12:54]
alexis issac sagasta ontiveros	✔	11:30 (3min) [12:54]